{"cameraMode":{"drawMode":0,"name":"Shaded","section":"Shading Mode"},"sceneLighting":false,"audioPlay":false,"sceneViewState":{"m_AlwaysRefresh":false,"showFog":true,"showSkybox":false,"showFlares":true,"showImageEffects":true,"showParticleSystems":true,"showVisualEffectGraphs":true,"m_FxEnabled":true},"in2DMode":false,"pivot":{"x":-1.5409173965454102,"y":0.6236065626144409,"z":-0.39981746673583987},"rotation":{"x":0.24979005753993989,"y":-0.30300599336624148,"z":0.08666004240512848,"w":0.9165118336677551},"size":4.6421685218811039,"orthographic":false}