{"cameraMode":{"drawMode":0,"name":"Shaded","section":"Shading Mode"},"sceneLighting":true,"audioPlay":false,"sceneViewState":{"m_AlwaysRefresh":false,"showFog":true,"showSkybox":false,"showFlares":true,"showImageEffects":true,"showParticleSystems":true,"showVisualEffectGraphs":true,"m_FxEnabled":true},"in2DMode":false,"pivot":{"x":0.06976878643035889,"y":0.22594940662384034,"z":0.0167199969291687},"rotation":{"x":0.17783035337924958,"y":-0.2325475811958313,"z":0.04709221050143242,"w":0.9559239745140076},"size":0.7315552830696106,"orthographic":false}