{"cameraMode":{"drawMode":0,"name":"Shaded","section":"Shading Mode"},"sceneLighting":false,"audioPlay":false,"sceneViewState":{"m_AlwaysRefresh":false,"showFog":true,"showSkybox":false,"showFlares":true,"showImageEffects":true,"showParticleSystems":true,"showVisualEffectGraphs":true,"m_FxEnabled":true},"in2DMode":false,"pivot":{"x":0.015090584754943848,"y":0.11874683946371079,"z":-0.04821982979774475},"rotation":{"x":0.27732786536216738,"y":-0.3230200409889221,"z":0.10374661535024643,"w":0.8998309969902039},"size":0.5995877981185913,"orthographic":false}