{"cameraMode":{"drawMode":0,"name":"Shaded","section":"Shading Mode"},"sceneLighting":false,"audioPlay":false,"sceneViewState":{"m_AlwaysRefresh":false,"showFog":true,"showSkybox":false,"showFlares":true,"showImageEffects":true,"showParticleSystems":true,"showVisualEffectGraphs":true,"m_FxEnabled":true},"in2DMode":false,"pivot":{"x":-1.4930787086486817,"y":-0.35862410068511965,"z":2.7465829849243166},"rotation":{"x":0.34125104546546938,"y":0.4124627411365509,"z":-0.16597706079483033,"w":0.8293605446815491},"size":2.6602444648742677,"orthographic":false}