{"cameraMode":{"drawMode":0,"name":"Shaded","section":"Shading Mode"},"sceneLighting":false,"audioPlay":false,"sceneViewState":{"m_AlwaysRefresh":false,"showFog":true,"showSkybox":false,"showFlares":true,"showImageEffects":true,"showParticleSystems":true,"showVisualEffectGraphs":true,"m_FxEnabled":true},"in2DMode":false,"pivot":{"x":0.023951753973960878,"y":0.16858206689357758,"z":0.027042269706726075},"rotation":{"x":0.18553347885608674,"y":-0.3152531385421753,"z":0.06688666343688965,"w":0.9292099475860596},"size":0.2851197123527527,"orthographic":false}