{"cameraMode":{"drawMode":0,"name":"Shaded","section":"Shading Mode"},"sceneLighting":true,"audioPlay":false,"sceneViewState":{"m_AlwaysRefresh":false,"showFog":true,"showSkybox":true,"showFlares":true,"showImageEffects":true,"showParticleSystems":true,"showVisualEffectGraphs":true,"m_FxEnabled":true},"in2DMode":false,"pivot":{"x":0.13818073272705079,"y":-41.004981994628909,"z":106.69564819335938},"rotation":{"x":-0.20738321542739869,"y":0.017332399263978006,"z":-0.010203646495938301,"w":-0.9792581796646118},"size":63.61476516723633,"orthographic":false}