{"cameraMode":{"drawMode":0,"name":"Shaded","section":"Shading Mode"},"sceneLighting":false,"audioPlay":false,"sceneViewState":{"m_AlwaysRefresh":false,"showFog":true,"showSkybox":false,"showFlares":true,"showImageEffects":true,"showParticleSystems":true,"showVisualEffectGraphs":true,"m_FxEnabled":true},"in2DMode":false,"pivot":{"x":-0.0012910664081573487,"y":0.23099717497825623,"z":-0.012308046221733094},"rotation":{"x":0.18553347885608674,"y":-0.3152531385421753,"z":0.06688666343688965,"w":0.9292099475860596},"size":0.31484246253967287,"orthographic":false}