{"cameraMode":{"drawMode":0,"name":"Shaded","section":"Shading Mode"},"sceneLighting":false,"audioPlay":false,"sceneViewState":{"m_AlwaysRefresh":false,"showFog":true,"showSkybox":false,"showFlares":true,"showImageEffects":true,"showParticleSystems":true,"showVisualEffectGraphs":true,"m_FxEnabled":true},"in2DMode":false,"pivot":{"x":0.0021586865186691286,"y":0.3582299053668976,"z":8.195638656616211e-8},"rotation":{"x":0.27732786536216738,"y":-0.3230200409889221,"z":0.10374661535024643,"w":0.8998309969902039},"size":0.37002262473106387,"orthographic":false}