{"cameraMode":{"drawMode":0,"name":"Shaded","section":"Shading Mode"},"sceneLighting":false,"audioPlay":false,"sceneViewState":{"m_AlwaysRefresh":false,"showFog":true,"showSkybox":false,"showFlares":true,"showImageEffects":true,"showParticleSystems":true,"showVisualEffectGraphs":true,"m_FxEnabled":true},"in2DMode":false,"pivot":{"x":-5.5338897705078129,"y":-26.45159912109375,"z":154.32809448242188},"rotation":{"x":0.27732786536216738,"y":-0.3230200409889221,"z":0.10374661535024643,"w":0.8998309969902039},"size":237.30734252929688,"orthographic":false}