{"cameraMode":{"drawMode":0,"name":"Shaded","section":"Shading Mode"},"sceneLighting":false,"audioPlay":false,"sceneViewState":{"m_AlwaysRefresh":false,"showFog":true,"showSkybox":false,"showFlares":true,"showImageEffects":true,"showParticleSystems":true,"showVisualEffectGraphs":true,"m_FxEnabled":true},"in2DMode":false,"pivot":{"x":-0.1587519645690918,"y":-0.10166919231414795,"z":-0.5232722759246826},"rotation":{"x":0.24979005753993989,"y":-0.30300599336624148,"z":0.08666004240512848,"w":0.9165118336677551},"size":1.9556255340576172,"orthographic":false}