{"cameraMode":{"drawMode":0,"name":"Shaded","section":"Shading Mode"},"sceneLighting":false,"audioPlay":false,"sceneViewState":{"m_AlwaysRefresh":false,"showFog":true,"showSkybox":false,"showFlares":true,"showImageEffects":true,"showParticleSystems":true,"showVisualEffectGraphs":true,"m_FxEnabled":true},"in2DMode":false,"pivot":{"x":-3.242635726928711,"y":1.8669418096542359,"z":31.640918731689454},"rotation":{"x":0.20408058166503907,"y":0.5375465154647827,"z":-0.13575586676597596,"w":0.8073865175247192},"size":2.4215450286865236,"orthographic":false}