{"cameraMode":{"drawMode":0,"name":"Shaded","section":"Shading Mode"},"sceneLighting":false,"audioPlay":false,"sceneViewState":{"m_AlwaysRefresh":false,"showFog":true,"showSkybox":false,"showFlares":true,"showImageEffects":true,"showParticleSystems":true,"showVisualEffectGraphs":true,"m_FxEnabled":true},"in2DMode":false,"pivot":{"x":0.009554147720336914,"y":0.07231754064559937,"z":-0.015736430883407594},"rotation":{"x":0.27732786536216738,"y":-0.3230200409889221,"z":0.10374661535024643,"w":0.8998309969902039},"size":0.23884761333465577,"orthographic":false}