{"cameraMode":{"drawMode":0,"name":"Shaded","section":"Shading Mode"},"sceneLighting":false,"audioPlay":false,"sceneViewState":{"m_AlwaysRefresh":false,"showFog":true,"showSkybox":false,"showFlares":true,"showImageEffects":true,"showParticleSystems":true,"showVisualEffectGraphs":true,"m_FxEnabled":true},"in2DMode":false,"pivot":{"x":-1.2408190965652466,"y":0.7819430828094482,"z":-0.6430732011795044},"rotation":{"x":0.16525505483150483,"y":0.265194833278656,"z":-0.04375780373811722,"w":0.9499087333679199},"size":0.5891783833503723,"orthographic":false}