{"cameraMode":{"drawMode":0,"name":"Shaded","section":"Shading Mode"},"sceneLighting":false,"audioPlay":false,"sceneViewState":{"m_AlwaysRefresh":false,"showFog":true,"showSkybox":false,"showFlares":true,"showImageEffects":true,"showParticleSystems":true,"showVisualEffectGraphs":true,"m_FxEnabled":true},"in2DMode":false,"pivot":{"x":1.4251086711883546,"y":1.0837982892990113,"z":12.756011962890625},"rotation":{"x":0.016214825212955476,"y":-0.006500322371721268,"z":0.0026938901282846929,"w":1.0007398128509522},"size":2.370950222015381,"orthographic":false}