{"cameraMode":{"drawMode":0,"name":"Shaded","section":"Shading Mode"},"sceneLighting":false,"audioPlay":false,"sceneViewState":{"m_AlwaysRefresh":false,"showFog":true,"showSkybox":false,"showFlares":true,"showImageEffects":true,"showParticleSystems":true,"showVisualEffectGraphs":true,"m_FxEnabled":true},"in2DMode":false,"pivot":{"x":-0.6807255744934082,"y":0.49487245082855227,"z":5.240874767303467},"rotation":{"x":0.006587132811546326,"y":0.9885484576225281,"z":-0.023906035348773004,"w":0.1550503969192505},"size":0.5891786217689514,"orthographic":false}