{"cameraMode":{"drawMode":0,"name":"Shaded","section":"Shading Mode"},"sceneLighting":false,"audioPlay":false,"sceneViewState":{"m_AlwaysRefresh":false,"showFog":true,"showSkybox":false,"showFlares":true,"showImageEffects":true,"showParticleSystems":true,"showVisualEffectGraphs":true,"m_FxEnabled":true},"in2DMode":false,"pivot":{"x":0.2273857593536377,"y":3.0425801277160646,"z":0.18808317184448243},"rotation":{"x":0.18553347885608674,"y":-0.3152531385421753,"z":0.06688666343688965,"w":0.9292099475860596},"size":4.169225692749023,"orthographic":false}