{"cameraMode":{"drawMode":0,"name":"Shaded","section":"Shading Mode"},"sceneLighting":false,"audioPlay":false,"sceneViewState":{"m_AlwaysRefresh":false,"showFog":true,"showSkybox":false,"showFlares":true,"showImageEffects":true,"showParticleSystems":true,"showVisualEffectGraphs":true,"m_FxEnabled":true},"in2DMode":false,"pivot":{"x":0.0010529947467148305,"y":0.9719287753105164,"z":13.013230323791504},"rotation":{"x":0.13204671442508698,"y":0.6781049966812134,"z":-0.12619657814502717,"w":0.7124054431915283},"size":2.3307723999023439,"orthographic":false}