{"cameraMode":{"drawMode":0,"name":"Shaded","section":"Shading Mode"},"sceneLighting":false,"audioPlay":false,"sceneViewState":{"m_AlwaysRefresh":false,"showFog":true,"showSkybox":false,"showFlares":true,"showImageEffects":true,"showParticleSystems":true,"showVisualEffectGraphs":true,"m_FxEnabled":true},"in2DMode":false,"pivot":{"x":-2.2523372173309328,"y":1.8249530792236329,"z":60.88603973388672},"rotation":{"x":0.14946767687797547,"y":0.24955135583877564,"z":-0.03931571543216705,"w":0.9563242793083191},"size":5.221110820770264,"orthographic":false}